{"cameraMode":{"drawMode":0,"name":"Shaded","section":"Shading Mode"},"sceneLighting":true,"audioPlay":false,"sceneViewState":{"m_AlwaysRefresh":false,"showFog":true,"showSkybox":true,"showFlares":true,"showImageEffects":true,"showParticleSystems":true,"showVisualEffectGraphs":true,"m_FxEnabled":true},"in2DMode":false,"pivot":{"x":5.077221393585205,"y":2.1155776977539064,"z":2.0514793395996095},"rotation":{"x":0.39484503865242007,"y":-0.0013782827882096172,"z":0.0005895374342799187,"w":0.9187524318695068},"size":8.973546028137207,"orthographic":true}