{"cameraMode":{"drawMode":0,"name":"Shaded","section":"Shading Mode"},"sceneLighting":false,"audioPlay":false,"sceneViewState":{"m_AlwaysRefresh":false,"showFog":true,"showSkybox":true,"showFlares":true,"showImageEffects":true,"showParticleSystems":true,"showVisualEffectGraphs":true,"m_FxEnabled":true},"in2DMode":false,"pivot":{"x":4.155182361602783,"y":2.051546096801758,"z":3.6791186332702638},"rotation":{"x":0.3920433223247528,"y":0.013798348605632782,"z":-0.005883821751922369,"w":0.9198304414749146},"size":7.6339545249938969,"orthographic":true}