{"cameraMode":{"drawMode":0,"name":"Shaded","section":"Shading Mode"},"sceneLighting":false,"audioPlay":false,"sceneViewState":{"m_AlwaysRefresh":false,"showFog":true,"showSkybox":false,"showFlares":true,"showImageEffects":true,"showParticleSystems":true,"showVisualEffectGraphs":true,"m_FxEnabled":true},"in2DMode":false,"pivot":{"x":0.2008855938911438,"y":0.4833357334136963,"z":-0.08705425262451172},"rotation":{"x":0.5198069214820862,"y":0.025620417669415475,"z":-0.015598887577652932,"w":0.8537576198577881},"size":1.6072746515274048,"orthographic":false}