{"cameraMode":{"drawMode":0,"name":"Shaded","section":"Shading Mode"},"sceneLighting":false,"audioPlay":false,"sceneViewState":{"m_AlwaysRefresh":false,"showFog":true,"showSkybox":false,"showFlares":true,"showImageEffects":true,"showParticleSystems":true,"showVisualEffectGraphs":true,"m_FxEnabled":true},"in2DMode":false,"pivot":{"x":0.4474203884601593,"y":0.37673377990722659,"z":-0.28062891960144045},"rotation":{"x":0.4979093372821808,"y":0.023409508168697358,"z":-0.013446406461298466,"w":0.8668051362037659},"size":1.6072747707366944,"orthographic":false}